City_ID,City,Country,Max Temp,Current Description,Lat,Lng,Hotel Name
0,Benghazi,LY,65.71,clear sky,32.1167,20.0667,Tibesti Hotel
1,Sanchez,DO,76.21,few clouds,19.2281,-69.6137,Apartamentos Rincon La Roca
4,Bambous Virieux,MU,73.65,broken clouds,-20.3428,57.7575,Casa Tia Villa
7,Arraial Do Cabo,BR,71.2,clear sky,-22.9661,-42.0278,Pousada Porto Praia
10,Butaritari,KI,82.2,scattered clouds,3.0707,172.7902,Isles Sunset Lodge
13,Rikitea,PF,75.97,scattered clouds,-23.1203,-134.9692,People ThankYou
16,Jimeta,NG,79.0,overcast clouds,9.2833,12.4667,Yola International Hotel
18,Atuona,PF,78.39,light rain,-9.8,-139.0333,Villa Enata
19,Kapaa,US,79.48,overcast clouds,22.0752,-159.319,Sheraton Kauai Coconut Beach Resort
20,Santiago,CL,66.25,overcast clouds,-33.4569,-70.6483,Hotel Panamericano
21,Vaini,TO,82.56,few clouds,-21.2,-175.2,Keleti Beach Resort
22,Hilo,US,85.28,clear sky,19.7297,-155.09,Hilo Hawaiian Hotel
23,Salalah,OM,78.98,few clouds,17.0151,54.0924,"HAMDAN PLAZA HOTEL SALALAH, an HTG Hotel"
25,Saint George,US,87.64,overcast clouds,37.1041,-113.5841,Best Western Plus Abbey Inn
34,Labuhan,ID,82.45,overcast clouds,-6.8844,112.2051,DoubleFAG
39,Doha,QA,89.58,clear sky,25.2867,51.5333,Movenpick Hotel Doha
48,Avarua,CK,84.25,broken clouds,-21.2078,-159.775,Paradise Inn
49,Sinnamary,GF,76.78,overcast clouds,5.3833,-52.95,ALETHEIA Appartement Sinnamary
51,Saint-Philippe,RE,71.19,scattered clouds,-21.3585,55.7679,"Chambres d'h√¥te ""La Trinit√©"""
55,Kitimat,CA,66.58,overcast clouds,54.0524,-128.6534,Kingfish Westcoast Adventures Ltd. Kitimat Estuary Lodge B&B
58,Baripada,IN,86.31,clear sky,21.935,86.7214,Aparna Hotel
59,Rosita,NI,72.68,overcast clouds,13.9268,-84.4032,Hospedaje Zeled√≥n
60,Ponta Do Sol,PT,66.83,scattered clouds,32.6667,-17.1,Hotel do Campo
61,Yulara,AU,65.46,overcast clouds,-25.2406,130.9889,Desert Gardens Hotel - Ayers Rock Resort
66,Gat,IL,66.4,clear sky,31.61,34.7642,OlusHome
67,Umm Lajj,SA,76.55,clear sky,25.0213,37.2685,Moon light Furnished Units
69,Solana Beach,US,71.08,scattered clouds,32.9912,-117.2711,Hilton San Diego/Del Mar
70,College,US,67.59,scattered clouds,64.8569,-147.8028,Pike's Waterfront Lodge
73,Maumere,ID,83.5,overcast clouds,-8.6199,122.2111,Sylvia Hotel
77,Darnah,LY,65.75,clear sky,32.767,22.6367,ŸÅŸÜÿØŸÇ ÿßŸÑŸÅÿ±ÿØŸàÿ≥
78,Port Blair,IN,80.64,mist,11.6667,92.75,"Welcomhotel By ITC Hotels, Bay Island, Port Blair"
80,Key West,US,82.0,scattered clouds,24.5557,-81.7826,Fairfield Inn & Suites by Marriott Key West
81,Ipixuna,BR,72.41,moderate rain,-1.7625,-48.8043,Chal√© do Mato
83,Meulaboh,ID,79.05,overcast clouds,4.1363,96.1285,Kost Pria
84,Bayan,CN,76.33,overcast clouds,46.0833,127.4,Wanhao Inn
86,Cedar City,US,70.39,scattered clouds,37.6775,-113.0619,Hampton Inn Cedar City
87,Guangshui,CN,74.71,clear sky,31.6199,113.9978,ÂπøÊ∞¥Â∏ÇÈõÖÁëûÂÅáÊó•ÁîüÊÄÅÂõ≠
89,Sauteurs,GD,81.3,overcast clouds,12.2167,-61.6333,Barry's Country Retreat
90,Mandali,IQ,85.3,overcast clouds,33.7499,45.5541,ŸÇÿ±ÿ¶ ÿßŸÑÿ¥ŸäÿÆ ÿ≥ÿ≠ÿßÿ® ÿßŸÑŸÜÿØÿß
91,Georgetown,MY,82.33,few clouds,5.4112,100.3354,Cititel Penang
92,Cabo San Lucas,MX,81.7,broken clouds,22.8909,-109.9124,Hotel Tesoro Los Cabos
93,Manta,EC,76.78,broken clouds,-0.95,-80.7333,Balandra Hotel
94,Santa Rosa,PH,88.11,overcast clouds,14.3122,121.1114,Erlyn‚Äôs Sta Rosa City Home
95,Westport,US,76.44,light rain,41.1415,-73.3579,The Westport Inn
101,Matara,LK,79.11,broken clouds,5.9485,80.5353,Amaloh Boutique Resort
103,Waingapu,ID,83.79,few clouds,-9.6567,120.2641,Pondok Wisata Elim
104,Los Llanos De Aridane,ES,65.95,overcast clouds,28.6585,-17.9182,Valle Aridane
109,Takoradi,GH,74.55,overcast clouds,4.8845,-1.7554,Raybow International Hotel
111,Mehran,IR,85.15,scattered clouds,33.1222,46.1646,ÿ®Ÿàÿ™€å⁄© ÿ≤ŸÜÿßŸÜŸá ÿ®Ÿáÿßÿ±
118,Centralia,US,71.69,scattered clouds,46.7162,-122.9543,Peppermill Inn
119,Manoel Urbano,BR,76.33,overcast clouds,-8.8389,-69.2597,Baixada Beira Rio
121,Kloulklubed,PW,82.9,overcast clouds,7.0419,134.2556,Storyboard Beach Resort
122,Souillac,MU,73.78,broken clouds,-20.5167,57.5167,Shanti Maurice Resort & Spa
124,Abha,SA,69.62,clear sky,18.2164,42.5053,Abha Hotel
132,Namibe,AO,68.67,clear sky,-15.1961,12.1522,Hotel Chik Chik Namibe
133,Kavieng,PG,85.15,broken clouds,-2.5744,150.7967,Nusa Island Retreat
134,Anzio,IT,66.9,broken clouds,41.4853,12.6179,Hotel Lido Garda
135,Puerto Ayora,EC,71.89,scattered clouds,-0.7393,-90.3518,Finch Bay Galapagos Hotel
137,Hami,CN,85.5,overcast clouds,42.8,93.45,Laoyutang Resort
138,Jining,CN,83.61,clear sky,35.405,116.5814,Yunhe Star Hotel
139,Bull Savanna,JM,75.58,overcast clouds,17.8868,-77.5902,Big Red's
140,Pagudpud,PH,85.77,broken clouds,18.5616,120.7868,Saud Beach Resort and Hotel - 2
141,Marang,MY,78.71,overcast clouds,5.2056,103.2059,DBarakah Homestay
143,Esperance,AU,65.14,clear sky,-33.8667,121.9,Hospitality Esperance
146,Saint-Georges,GD,82.08,few clouds,12.0564,-61.7485,Radisson Grenada Beach Resort
147,Tamuin,MX,87.78,clear sky,21.9833,-98.75,Hotel Tamuin
148,Mahebourg,MU,73.69,broken clouds,-20.4081,57.7,Shandrani Beachcomber Resort & Spa
149,Kavaratti,IN,83.39,overcast clouds,10.5669,72.642,Hotels in Lakshadweep Islands
151,Sibu,MY,79.11,few clouds,2.3,111.8167,RH HOTEL (4 Star)
152,Paita,PE,67.19,clear sky,-5.0892,-81.1144,Hotel N√°utico de Paita
153,Barkhan,PK,73.51,clear sky,29.8977,69.5256,Sardar
156,Salaga,GH,75.02,overcast clouds,8.5508,-0.5188,Bore Nada Guest House
158,Yima,CN,74.23,clear sky,34.7381,111.8839,Yima Hotel
161,Bubaque,GW,78.06,few clouds,11.2833,-15.8333,"Casa Dora, Bubaque"
162,Kieta,PG,85.32,few clouds,-6.2167,155.6333,Uruna Bay Retreat
163,Kamarion,GR,68.4,few clouds,36.8,25.8167,Rooms Eleni
165,Diamantino,BR,67.21,clear sky,-14.4086,-56.4461,Hotel Delta
167,Olinda,BR,76.86,few clouds,-8.0089,-34.8553,Flat Quatro Rodas Olinda
169,Razole,IN,88.07,scattered clouds,16.4833,81.8333,Sterling Palavelli Godavari
172,Padang,ID,80.56,overcast clouds,-0.9492,100.3543,Mercure Padang
175,Huicungo,PE,75.25,overcast clouds,-7.2833,-76.8,Gran Pajaten Trek
183,Bethel,US,73.63,few clouds,41.3712,-73.414,Courtyard by Marriott Danbury
186,Quatre Cocos,MU,73.51,clear sky,-20.2078,57.7625,Sunrise Attitude Hotel
187,Hithadhoo,MV,83.37,overcast clouds,-0.6,73.0833,Scoop Guest House
188,Ganzhou,CN,66.99,overcast clouds,28.8184,115.4327,Zhanqian Grand Hotel
190,Sao Filipe,CV,71.96,few clouds,14.8961,-24.4956,Hotel Xaguate
194,Dosso,NE,83.32,light rain,13.049,3.1937,Hotel Toubal
196,Cartagena,CO,80.38,clear sky,10.3997,-75.5144,Hotel Colombia Real - Cartagena
197,Nome,US,67.15,overcast clouds,64.5011,-165.4064,Dredge 7 Inn
202,Najran,SA,73.56,clear sky,17.4924,44.1277,ŸÖÿ≠ŸÖÿØ ŸáÿßÿØŸä ÿßŸÑ ŸÅÿ∑Ÿäÿ≠
203,Sao Felix Do Xingu,BR,72.52,clear sky,-6.6447,-51.995,Rio Xingu Camping
204,Wabag,PG,70.9,few clouds,-5.4781,143.7021,Shalom Inn
205,Juan Aldama,MX,84.13,clear sky,24.2908,-103.3944,Hotel Morales
207,Korla,CN,78.71,overcast clouds,41.7597,86.1469,Gulisitan Hotel
208,Canton,CN,76.87,overcast clouds,23.1167,113.25,Shangjiuwan Hotel
209,Champerico,GT,82.6,scattered clouds,14.3,-91.9167,"Hotel y restaurante ""El Diamante"""
210,Carnarvon,AU,71.49,scattered clouds,-24.8667,113.6333,Hospitality Carnarvon
211,Ulaangom,MN,75.45,few clouds,49.9811,92.0667,Achit Nuur Hotel & Restaurant
218,Hasaki,JP,66.29,broken clouds,35.7333,140.8333,Inubosaki Kanko Hotel
219,Kalianget,ID,84.43,few clouds,-7.05,113.9333,Pesanggrahan Garam
220,Xinmin,CN,79.39,few clouds,41.9908,122.8253,Agricultural Machinery Hotel
221,Matay,EG,68.61,clear sky,28.419,30.7792,Nag Aespen
223,San Isidro,PE,65.01,mist,-12.1167,-77.05,Radisson Hotel Decapolis Miraflores
228,Buin,CL,65.12,light rain,-33.7333,-70.75,Paihuen
231,Victoria,HK,80.19,overcast clouds,22.2855,114.1577,Mini Central
232,Alihe,CN,66.45,few clouds,50.5667,123.7167,Alihe Forestry Hotel
237,Balad,IQ,79.57,broken clouds,34.0164,44.1453,ÿ±ÿ∂ÿßŸàŸä ÿ≤ŸÜŸàÿ®ÿ©
240,Chemainus,CA,67.01,overcast clouds,48.9163,-123.7194,Fuller Lake Motel
241,Mihara,JP,72.48,overcast clouds,34.4,133.0833,Mihara Station Hotel
243,Sakaiminato,JP,66.07,clear sky,35.55,133.2333,Italian pasley
245,Fresnillo,MX,80.33,clear sky,23.1667,-102.8833,HOTEL DEL FRESNO
247,Chandauli,IN,78.85,clear sky,25.2667,83.2667,Mustafa's House üè°
252,Kahului,US,83.97,clear sky,20.8947,-156.47,Maui Seaside Hotel
253,Cubara,CO,73.18,clear sky,7.0008,-72.1085,Hotel Los Amigos
255,Monrovia,LR,75.54,heavy intensity rain,6.3005,-10.7969,Sunset Inn
258,Baruun-Urt,MN,70.16,clear sky,46.6806,113.2792,–ê—Ö–º–∞–¥—ã–Ω –∞–º—Ä–∞–ª—Ç —Å—É–≤–∏–ª–∞–ª
259,Mbandaka,CD,71.17,overcast clouds,0.0487,18.2603,Guest House Epervier
260,Hitoyoshi,JP,67.64,overcast clouds,32.2167,130.75,Ryokan Ayu-no-Sato
261,Buala,SB,85.05,light rain,-8.145,159.5921,Maringe Lagoon Lodge
262,Katherine,AU,84.52,overcast clouds,-14.4667,132.2667,Pine Tree Motel
264,Touros,BR,75.09,few clouds,-5.1989,-35.4608,INN NEW HORIZON
265,Grand Gaube,MU,73.8,clear sky,-20.0064,57.6608,Veranda Paul et Virginie Hotel & Spa
272,Bandarbeyla,SO,80.58,overcast clouds,9.4942,50.8122,JABIR HOTEL
273,Hambantota,LK,77.34,few clouds,6.1241,81.1185,Bungalow 63
275,Santa Cruz,BO,65.43,scattered clouds,-17.8,-63.1667,Aviador Hotel Boutique
281,Yeppoon,AU,71.38,overcast clouds,-23.1333,150.7333,Villa Mar Colina
282,Sinjar,IQ,65.07,scattered clouds,36.3209,41.8754,ÿ≤ŸàŸÖÿßŸÜŸä ŸÅŸàŸÜ 1
283,Diffa,NE,84.15,clear sky,13.3154,12.6113,ProDAF/Diffa
285,Istmina,CO,75.0,moderate rain,5.1605,-76.684,Hotel La Gran Estaci√≥n Istmina
286,Lorengau,PG,85.93,overcast clouds,-2.0226,147.2712,Lorengau Harbourside Hotel
287,Tarauaca,BR,71.26,scattered clouds,-8.1614,-70.7656,Flat Temporada
288,Inhambane,MZ,67.78,moderate rain,-23.865,35.3833,Oceano
289,Srandakan,ID,80.91,overcast clouds,-7.9386,110.2506,Puri Brata
290,Atambua,ID,82.2,scattered clouds,-9.1061,124.8925,Kost Alfa Flat
291,Camana,PE,65.32,broken clouds,-16.6228,-72.7111,Hostal Morales
292,Bathsheba,BB,79.48,overcast clouds,13.2167,-59.5167,Atlantis Hotel
293,Caravelas,BR,69.26,broken clouds,-17.7125,-39.2481,Pousada dos Navegantes
294,Lompoc,US,70.79,few clouds,34.6391,-120.4579,"Holiday Inn Express Lompoc, an IHG Hotel"
297,Salinopolis,BR,77.94,overcast clouds,-0.6136,-47.3561,Salinas Park Resort Ma√ßarico AP101
301,Loandjili,CG,73.98,overcast clouds,-4.7561,11.8578,R√©sidence ARCHANGE
302,Karratha,AU,73.08,overcast clouds,-20.7377,116.8463,ibis Styles Karratha
303,Calabazar De Sagua,CU,77.86,overcast clouds,22.6447,-79.8961,Hostal La Terraza
304,Xuanwu,CN,78.94,clear sky,32.069,118.8138,‰∏úÊñπÁèçÁè†È•≠Â∫ó
305,Maragogi,BR,76.23,scattered clouds,-9.0122,-35.2225,Salinas do Maragogi All Inclusive Resort
312,Morant Bay,JM,81.72,overcast clouds,17.8815,-76.4093,Whispering Bamboo Cove Resort
314,Datong,CN,71.02,broken clouds,40.0936,113.2914,Holiday Inn Datong City Centre
315,Xingcheng,CN,72.61,scattered clouds,40.6167,120.7167,New Century Hotel
316,Brownwood,US,79.92,clear sky,31.7093,-98.9912,La Quinta Inn & Suites by Wyndham Brownwood
317,Xiongyue,CN,76.6,clear sky,40.1774,122.1228,Samsung Business Hotel
325,Statesboro,US,71.13,light rain,32.4488,-81.7832,"Holiday Inn Statesboro-University Area, an IHG Hotel"
327,Pacific Grove,US,69.87,clear sky,36.6177,-121.9166,Lovers Point Inn
332,Tchollire,CM,80.65,broken clouds,8.4022,14.1698,"Auberge ""l'amicale"""
335,Shingu,JP,75.78,overcast clouds,33.7333,135.9833,Shingu UI Hotel
337,Vanimo,PG,85.78,overcast clouds,-2.6741,141.3028,Vahmoneh Lodge Vanimo
339,Ciudad Bolivar,VE,77.74,overcast clouds,8.1222,-63.5497,Hotel Edi
342,Capitao Poco,BR,72.1,heavy intensity rain,-1.7464,-47.0594,Hotel New Tokyo
344,Houma,US,80.6,broken clouds,29.5958,-90.7195,Courtyard by Marriott Houma
347,Buraydah,SA,85.55,clear sky,26.326,43.975,M√∂venpick Qassim
348,Le Port,RE,71.6,broken clouds,-20.9373,55.2919,KORBEY D'OR OUEST
349,Rania,IN,86.95,few clouds,29.5333,74.8333,Josan farm rania
352,Kenai,US,71.02,overcast clouds,60.5544,-151.2583,Aspen Extended Stay Suites
353,Pitimbu,BR,76.62,light rain,-7.4706,-34.8086,Reserva do Abia√≠
354,Biak,ID,80.89,broken clouds,-0.9131,122.8766,Penginapan Kim
355,Kupang,ID,84.51,overcast clouds,-10.1667,123.5833,Hotel On The Rock by Prasanthi
356,Cayenne,GF,82.09,clear sky,4.9333,-52.3333,H√¥tel Le Dronmi
360,Hervey Bay,AU,72.01,light rain,-25.2986,152.8535,Shelly Bay Resort
361,Zhangzhou,CN,74.21,overcast clouds,24.5133,117.6556,Crowne Plaza Zhangzhou
362,San Patricio,US,82.49,overcast clouds,28.017,-97.5169,"Motel 6 Sinton, TX"
363,Sao Joao Da Barra,BR,69.96,few clouds,-21.6403,-41.0511,Pousada Porto De Canoas
365,Hovd,MN,71.35,few clouds,48.0056,91.6419,Hotel Khovd
367,Quartucciu,IT,68.0,clear sky,39.2519,9.1794,Best Western Hotel Residence Italia
369,Kutum,SD,73.06,few clouds,14.2,24.6667,Dibbo areaŸÖŸÜÿ∑ŸÇÿ© ÿØÿ®Ÿà
370,Lazaro Cardenas,MX,79.59,clear sky,17.9583,-102.2,HOTEL QUINTA ANTIGUA
371,Kununurra,AU,82.38,broken clouds,-15.7667,128.7333,Hotel Kununurra
372,Chicama,PE,66.31,clear sky,-7.8447,-79.1469,Balihai Bungalows
373,Akyab,MM,80.15,heavy intensity rain,20.15,92.9,Hotel Memory
374,San Pedro De Los Naranjos,MX,82.53,overcast clouds,20.25,-100.9833,Antiguo Molino
376,Fallon,US,75.45,broken clouds,39.4735,-118.7774,Best Western Fallon Inn & Suites
378,Banda Aceh,ID,81.82,overcast clouds,5.5577,95.3222,OYO 884 Rumoh PMI Hotel
379,Eyl,SO,80.89,overcast clouds,7.9803,49.8164,Amiin Hotel
384,Dhidhdhoo,MV,83.62,broken clouds,6.8833,73.1,Dhidhoo beach
385,Laureles,US,80.58,few clouds,26.1092,-97.4941,Los Fresnos Inn
389,Dakoro,NE,83.44,overcast clouds,14.5106,6.765,Shagon mai liverpool
390,Cockburn Town,TC,79.66,clear sky,21.4612,-71.1419,Osprey Beach Hotel
392,Gizo,SB,84.11,few clouds,-8.103,156.8419,Imagination Island
393,San Cristobal,VE,66.78,clear sky,7.7669,-72.225,Pirineos
394,Tura,IN,76.01,clear sky,25.5198,90.2201,Hotel RIKMAN Continental
398,Fukiage,JP,69.91,overcast clouds,36.1,139.45,ÊπØÊú¨Â§©ÁÑ∂Ê∏©Ê≥â„Éõ„ÉÜ„É´
402,Pangkalanbuun,ID,81.21,broken clouds,-2.6833,111.6167,Grand Kecubung Hotel
403,Domoni,KM,76.89,light rain,-12.2569,44.5319,Al Djadid
405,Tabuk,PH,81.36,overcast clouds,17.4189,121.4443,Golden Berries Hotel and Convention
407,Yaring,TH,82.29,overcast clouds,6.8662,101.3689,‡∏™‡∏ñ‡∏≤‡∏ô‡∏ó‡∏µ‡πà‡∏à‡∏±‡∏î‡∏á‡∏≤‡∏ô‡πÅ‡∏ï‡πà‡∏á SOFEE & DORN
410,Natal,BR,75.85,broken clouds,-5.795,-35.2094,Villa Park Hotel | Natal
411,Havelock,US,75.96,overcast clouds,34.8791,-76.9013,Sherwood Motel
413,Hirara,JP,77.5,light rain,24.8,125.2833,Hotel Atoll Emerald Miyakojima
414,Chaihe,CN,70.05,overcast clouds,44.7667,129.7,Fengyuan Hotel
415,Tatawin,TN,73.27,clear sky,32.9297,10.4518,Sangho Privilege Tataouine
416,Alappuzha,IN,77.54,overcast clouds,9.49,76.3264,Panoramic Sea Resort
418,Veraval,IN,84.25,overcast clouds,20.9,70.3667,Lords Inn Somnath
420,Honiara,SB,87.42,few clouds,-9.4333,159.95,Heritage Park Hotel
421,Kindu,CD,68.68,light rain,-2.95,25.95,R√©sidence Okanda
422,Nador,MA,68.25,clear sky,35.174,-2.9287,H√¥tel La Giralda
423,Tomatlan,MX,80.19,clear sky,19.9333,-105.25,El Salvial
424,Kulhudhuffushi,MV,83.55,broken clouds,6.6221,73.07,Haajy Guest House 1
425,Half Moon Bay,US,80.58,haze,37.4636,-122.4286,"The Ritz-Carlton, Half Moon Bay"
427,Mastic Beach,US,74.77,clear sky,40.7668,-72.8521,Brushwood House by Smith Point Beach
429,Ormara,PK,86.05,clear sky,25.2088,64.6357,Kenara Colony house for Rent
430,Atoyac,MX,85.55,broken clouds,20.0167,-103.5333,OYO Hotel Del Portal
433,Roebourne,AU,73.81,overcast clouds,-20.7833,117.1333,Latitude20 Roebourne Village
434,Samana,DO,76.93,scattered clouds,19.2056,-69.3369,The Bannister - Hotel & Yacht Club
437,Katsuura,JP,66.15,scattered clouds,35.1333,140.3,Katsuura Hotel Mikazuki
438,Kawalu,ID,78.75,overcast clouds,-7.3817,108.2082,West Jontor
439,Beira,MZ,68.18,broken clouds,-19.8436,34.8389,Beira Terrace Hotel
442,Turbat,PK,87.37,clear sky,26.0023,63.044,Mubashar Quarters
446,Nieves,PH,85.23,overcast clouds,15.3274,120.9485,Bill's Inn
448,Omboue,GA,74.32,broken clouds,-1.5746,9.2618,Hotel Olako
449,Mount Isa,AU,74.97,clear sky,-20.7333,139.5,ibis Styles Mt Isa Verona
451,Rutland,US,69.78,clear sky,43.6167,-73.0162,Comfort Inn Trolley Square
452,Aguilas,ES,73.18,clear sky,37.4063,-1.5829,Hotel Carlos III
454,Pakokku,MM,86.25,broken clouds,21.3333,95.1,Royal Palace Motel
457,Dingle,PH,85.23,overcast clouds,10.9995,122.6711,SEGAYA PROPERTY
458,Biloela,AU,70.97,overcast clouds,-24.4167,150.5,Silo Motor Inn Biloela
459,Palmer,US,72.95,broken clouds,42.1584,-72.3287,Wedgewood Motel
460,Port Hedland,AU,78.85,broken clouds,-20.3167,118.5667,The Esplanade Hotel
463,Yafran,LY,66.4,clear sky,32.0633,12.5286,ÿ®ŸäŸàÿ™ ÿßŸÑÿ¥ÿ®ÿßÿ® ÿ®ŸäŸÅÿ±ŸÜ
464,Vega De Alatorre,MX,81.88,clear sky,20.0333,-96.6333,Hotel D Luxe
466,Sechura,PE,67.03,clear sky,-5.5569,-80.8222,Hospedaje Costa Bella
467,Savannah Bight,HN,83.57,overcast clouds,16.45,-85.85,Villa on Dunbar Rock
471,Sardarpur,IN,76.64,broken clouds,22.678,74.9484,Shri Maya Lodge
475,Bom Jesus,BR,77.18,broken clouds,-9.0744,-44.3586,Hotel Bras√£o & Floricultura Bella Flor
478,Nha Trang,VN,86.0,overcast clouds,12.25,109.1833,Hanoi Golden Hotel
480,Alizai,PK,67.8,clear sky,33.5383,70.3462,Alizai Rest House
481,Samarai,PG,82.47,few clouds,-10.6167,150.6667,Nuli Sapi
482,Vila Do Maio,CV,72.39,scattered clouds,15.1333,-23.2167,Hotel Marilu
484,Carutapera,BR,74.55,few clouds,-1.195,-46.02,Lidera
485,Nanakuli,US,82.35,few clouds,21.3906,-158.1547,Camp PƒÅlehua
486,Tifton,US,75.13,clear sky,31.4505,-83.5085,Hilton Garden Inn Tifton
489,Boz,FR,67.17,light rain,46.4071,4.9109,Le Jardin De La Reyssouze
493,Mogadishu,SO,79.92,overcast clouds,2.0371,45.3438,Hotel Juba
495,Pemangkat,ID,81.36,scattered clouds,1.1667,108.9667,Ramah Kost KITA
496,Axim,GH,75.94,overcast clouds,4.8699,-2.2405,Axim Beach Resort And Spa
497,Mangan,IN,73.74,clear sky,27.5167,88.5333,Hotel Mout View
498,Biltine,TD,82.74,overcast clouds,14.5333,20.9167,H√¥tel Trois √âtoiles de Biltine
502,Jiayuguan,CN,67.08,clear sky,39.8167,98.3,Jiugang Hotel - Jiayuguan
507,Dakar,SN,70.68,clear sky,14.6937,-17.4441,Novotel Dakar
508,Amuntai,ID,80.04,broken clouds,-2.4177,115.2494,Hotel Balqis
509,Makakilo City,US,80.92,clear sky,21.3469,-158.0858,Marriott's Ko Olina Beach Club
512,Venice,US,86.05,mist,27.0998,-82.4543,A Beach Retreat On Casey Key
513,Ambulu,ID,79.81,few clouds,-8.345,113.6058,Hotel Ambulu Jember
514,Kalmunai,LK,79.95,scattered clouds,7.4167,81.8167,VS Villa
515,Esna,EG,72.86,clear sky,25.2934,32.554,Orient Star Dahabyia Isna 05 Nights Each Sunday
516,Bengkulu,ID,78.53,overcast clouds,-3.8004,102.2655,Grage Hotel Bengkulu
518,Vanderhoof,CA,66.51,overcast clouds,54.0166,-124.0198,Vanderhoof Inn
519,Catuday,PH,81.86,overcast clouds,16.2923,119.8062,Benjie's Kubo & Cottages
520,Urumqi,CN,70.75,clear sky,43.801,87.6005,Hua Ling Grand Hotel Urumqi
523,Belmonte,BR,71.46,broken clouds,-15.8631,-38.8828,Pousada Monte Carmelo O P√£o
525,Vila Franca Do Campo,PT,67.19,light rain,37.7167,-25.4333,Pestana Bahia Praia
526,Mayo,US,73.35,heavy intensity rain,38.8876,-76.5119,Resorts Resource Group International
529,Longyan,CN,69.21,overcast clouds,25.1072,117.0225,Jinjiang Inn Longyan Zhongshan Road Pedestrian Street
530,North Bend,US,67.24,scattered clouds,43.4065,-124.2243,Red Lion Hotel Coos Bay
534,Port-Gentil,GA,77.63,broken clouds,-0.7193,8.7815,Fengshui Residence
535,Alofi,NU,79.93,clear sky,-19.0595,-169.9187,Taloa Heights
536,Sungaipenuh,ID,71.26,broken clouds,-2.0833,101.3833,Penginapan Citra Alam
537,Warangal,IN,87.35,clear sky,18.0,79.5833,Capital O 66968 Haveli The Landmark
538,Ahuimanu,US,82.11,scattered clouds,21.4447,-157.8378,Paradise Bay Resort
539,Abu Kamal,SY,70.86,overcast clouds,34.4506,40.9171,ÿßŸÑÿ®ŸàŸÉŸÖÿßŸÑ
541,Sambava,MG,73.0,light rain,-14.2667,50.1667,Melrose
544,Tiarei,PF,84.22,few clouds,-17.5333,-149.3333,Le Rocher de Tahiti
547,Tottori,JP,67.17,clear sky,35.5,134.2333,Hotel Monarque Tottori
551,Bonthe,SL,78.21,light rain,7.5264,-12.505,Bonthe Holiday Village
553,Ibra,OM,81.19,clear sky,22.6906,58.5334,ŸÖÿ≤ÿ±ÿπÿ© ÿ±ÿßÿ≠ÿ© ÿßŸÑŸÜŸÅŸàÿ≥ ÿßŸÑŸÖŸÜÿ≤ŸÅÿ©
558,Naze,JP,70.18,overcast clouds,28.3667,129.4833,Shishime Hotel
559,Road Town,VG,79.97,overcast clouds,18.4167,-64.6167,"ZINGARA 76ft Catamaran, full crew-all included"
560,Vao,NC,75.43,clear sky,-22.6667,167.4833,Hotel Kou-Bugny
561,Porto Novo,BJ,75.58,overcast clouds,6.4965,2.6036,Tour Eiffel Hotel Benin
564,Saint-Francois,FR,69.24,clear sky,46.4154,3.9054,Manoir Du Bonheur
565,Faanui,PF,81.09,clear sky,-16.4833,-151.75,Bora-Bora Pearl Beach Resort & Spa
567,Puerto Cabezas,NI,78.57,overcast clouds,14.0351,-83.3888,Caba√±a Caribe
568,Pundaguitan,PH,82.71,overcast clouds,6.3711,126.1689,Leonardo Family Beach House 1
570,Mahibadhoo,MV,83.21,scattered clouds,3.7833,72.9667,Omadhoo Inn
574,Portland,US,73.69,overcast clouds,45.5234,-122.6762,Embassy Suites by Hilton Portland Downtown
576,Hit,IQ,78.42,overcast clouds,33.6416,42.8251,‡¢™Ÿèÿ®ŸéŸÖŸÄÿß ÿèŸèŸÄŸÖŸéŸÄ‡¢™
578,Lumphat,KH,75.31,overcast clouds,13.4878,106.9816,Lumphat Homestay‚Äã &‚Äãlake‚Äãside
579,Vieste,IT,70.18,overcast clouds,41.8825,16.175,Hotel Falcone
580,Marawi,PH,75.6,overcast clouds,7.9986,124.2928,Derogongan Residence
587,Jackson,US,75.04,overcast clouds,42.4165,-122.8345,Agate Village Apartments
588,Hinche,HT,73.74,broken clouds,19.15,-72.0167,¬´Petites Soeurs de l'Incarnation¬ª
593,Muroto,JP,70.84,overcast clouds,33.2833,134.15,Oota Ryokan
594,Hun,LY,72.66,clear sky,29.1268,15.9477,Alrwasi Hotel
596,Malakal,SS,77.59,overcast clouds,9.5334,31.6605,Nile Palace Hotel
599,Mabaruma,GY,71.56,overcast clouds,8.2,-59.7833,Monty Brooms Guest House
601,Denpasar,ID,82.06,few clouds,-8.65,115.2167,OYO 3156 Hotel Warta 2
603,Aksu,CN,76.12,overcast clouds,41.1231,80.2644,Pudong Holiday Hotel
605,Lucea,JM,81.86,light rain,18.451,-78.1736,Grand Palladium Jamaica Resort & Spa
606,Minab,IR,88.75,clear sky,27.1467,57.0801,Bam campground
607,Beidao,CN,67.33,few clouds,34.5686,105.8933,Shell Tianshui Maiji District Erma Road Walking Street Hotel
609,Morgan City,US,80.01,overcast clouds,29.6994,-91.2068,Hampton Inn & Suites Morgan City
610,Bilma,NE,84.43,overcast clouds,18.6853,12.9164,Expeditions T√©n√©re voyages
613,Morondava,MG,72.12,clear sky,-20.2833,44.2833,La Case Bambou
615,Ensley,US,74.53,broken clouds,30.5188,-87.2728,Holiday Inn Express & Suites Pensacola W I-10
617,Mabay,PH,82.4,overcast clouds,6.0577,124.4666,Bautista Lodging House
620,Hobyo,SO,80.55,overcast clouds,5.3505,48.5268,Iftin hotel hobyo
621,Caibarien,CU,79.36,overcast clouds,22.5206,-79.4669,La Nena
624,Nago,JP,74.25,light rain,26.5881,127.9761,Hotel Yugaf Inn Okinawa
625,Boa Vista,BR,75.18,light intensity shower rain,2.8197,-60.6733,Aipana Plaza Hotel
626,Magway,MM,85.8,scattered clouds,20.15,94.9167,Htein Htein Thar 2
631,Erenhot,CN,72.59,overcast clouds,43.6475,111.9767,Erenhot Rurouni Youth Hostel
632,Mitsamiouli,KM,78.4,light rain,-11.3847,43.2844,Foyer ADM
634,Puerto Quijarro,BO,68.2,few clouds,-17.7833,-57.7667,Hotel palance
637,Agadir,MA,66.65,scattered clouds,30.4202,-9.5982,Iberostar Founty Beach
638,Port Moresby,PG,84.69,few clouds,-9.4431,147.1797,Lamana Hotel (Port Moresby)
640,Chase,CA,73.33,scattered clouds,50.8165,-119.6857,Chase Country Inn Motel
642,Lar,IN,80.2,clear sky,26.2039,83.9717,Ovaiskarni ward Lar
645,Vila Velha,BR,70.52,overcast clouds,-20.3297,-40.2925,Hotel Vit√≥ria Palace
646,Bonoua,CI,76.62,overcast clouds,5.2741,-3.595,Hotel Bon Samaritian
648,Balabac,PH,83.1,overcast clouds,7.9868,117.0645,Batalla‚Äôs Lodging House
649,Tezu,IN,78.64,broken clouds,27.9167,96.1667,Circuit House
654,Kijang,KR,69.94,few clouds,35.2442,129.2139,Samyang Beach Villa
656,Altar,MX,88.77,clear sky,30.7,-111.8167,Hotel Maria Elena
657,Talara,PE,66.67,few clouds,-4.5772,-81.2719,Hostal Oro Negro
660,Tangier,MA,65.55,broken clouds,35.7806,-5.8137,Hotel Rembrandt
661,Upata,VE,71.19,overcast clouds,8.0086,-62.3989,Posada Villa Nela
662,Mocuba,MZ,65.66,scattered clouds,-16.8392,36.9856,Phama Lodge
664,Port Augusta,AU,68.68,few clouds,-32.5,137.7667,Majestic Oasis Apartments
666,Ilam,NP,68.47,few clouds,26.9167,87.9167,‡§ö‡§ø‡§Ø‡§æ‡§¨‡§æ‡§∞‡•Ä ‡§ï‡§ü‡•á‡§ú
667,Senador Pompeu,BR,78.1,overcast clouds,-5.5881,-39.3717,Pousada Ki-Delicia
668,Manaure,CO,82.02,clear sky,11.7751,-72.4445,Hotel Palaaima
671,Rabo De Peixe,PT,66.27,broken clouds,37.8,-25.5833,Quinta das Giestas
676,Khuzdar,PK,70.43,clear sky,27.7384,66.6434,jhalwan Rent A Car Compny Moola Chotok
678,Acapulco,MX,82.22,broken clouds,16.8634,-99.8901,HS Hotsson Smart Acapulco
681,Monopoli,IT,70.75,scattered clouds,40.9559,17.2896,Il Melograno
682,Nikki,BJ,73.51,overcast clouds,9.9401,3.2108,Monnon
685,Pesaro,IT,72.0,overcast clouds,43.9036,12.8903,Savoy
686,Vaitape,PF,81.12,clear sky,-16.5167,-151.75,Conrad Bora Bora Nui
689,San Miguel,SV,75.45,overcast clouds,13.4833,-88.1833,Excalibur
690,Jalu,LY,68.56,clear sky,29.0331,21.5482,ÿµÿßÿ≠ÿ®ÿ© ÿßŸÑŸÅÿÆÿßŸÖÿ©
693,Zlitan,LY,67.23,clear sky,32.4674,14.5687,ÿßŸÑŸÇÿ≥ŸÖ ÿßŸÑÿØÿßÿÆŸÑŸä ŸÑŸÑÿ¨ÿßŸÖÿπÿ© ÿßŸÑÿ£ÿ≥ŸÖÿ±Ÿäÿ©
